{"cameraMode":{"drawMode":0,"name":"Shaded","section":"Shading Mode"},"sceneLighting":true,"audioPlay":false,"sceneViewState":{"m_AlwaysRefresh":false,"showFog":false,"showSkybox":false,"showFlares":false,"showImageEffects":false,"showParticleSystems":false,"showVisualEffectGraphs":false,"m_FxEnabled":true},"in2DMode":false,"pivot":{"x":-1.6173679828643799,"y":3.417309045791626,"z":-3.2867038249969484},"rotation":{"x":0.016279304400086404,"y":0.9821041822433472,"z":-0.15930016338825227,"w":0.09990374743938446},"size":1.1314491033554078,"orthographic":false}