{"cameraMode":{"drawMode":0,"name":"Shaded","section":"Shading Mode"},"sceneLighting":true,"audioPlay":false,"sceneViewState":{"m_AlwaysRefresh":false,"showFog":false,"showSkybox":false,"showFlares":false,"showImageEffects":false,"showParticleSystems":false,"showVisualEffectGraphs":false,"m_FxEnabled":true},"in2DMode":false,"pivot":{"x":1.3285143375396729,"y":3.743269443511963,"z":20.572006225585939},"rotation":{"x":-0.022188905626535417,"y":0.005994186270982027,"z":0.00013826708891429007,"w":0.9997648596763611},"size":10.920249938964844,"orthographic":false}